participantId,monthly_income,monthly_expense,age,age_group,educationLevel,householdSize,haveKids
0,8993.64456378253,1215.1226552692476,36,36-45,HighSchoolOrCollege,3,True
1,7894.734808896623,1409.3009904494436,25,18-25,HighSchoolOrCollege,3,True
2,6961.933570360301,1224.245641207696,35,26-35,HighSchoolOrCollege,3,True
3,6729.594119928411,1288.4742890077816,21,18-25,HighSchoolOrCollege,3,True
4,9005.077968946769,2208.817309369011,43,36-45,Bachelors,3,True
5,1872.5947160159885,1399.2139621384092,32,26-35,HighSchoolOrCollege,3,True
6,1891.3161147625474,1551.4399595922184,26,26-35,HighSchoolOrCollege,3,True
7,5951.359889575065,2054.3876713918517,27,26-35,Bachelors,3,True
8,3618.138771790017,2191.3720732819174,20,18-25,Bachelors,3,True
9,12503.258422016524,1349.3352867555698,35,26-35,Bachelors,3,True
10,6488.973199281237,1249.4144441253993,48,46-55,HighSchoolOrCollege,3,True
11,6585.291239673338,1371.7376049524987,27,26-35,HighSchoolOrCollege,3,True
12,6251.607060705322,1409.037712853758,34,26-35,HighSchoolOrCollege,3,True
13,5717.436597309739,2371.67284551381,18,18-25,Bachelors,3,True
14,7112.000208148515,2060.3154281865395,38,36-45,Graduate,3,True
15,6183.09776674901,1251.7570089604153,35,26-35,HighSchoolOrCollege,3,True
16,9596.212265394823,1227.7794527119565,39,36-45,Bachelors,3,True
17,17349.276928839794,1293.3542731236207,57,56-60,Bachelors,3,True
18,17368.976425682555,1375.3608638579387,20,18-25,Graduate,3,True
19,8917.69271772507,1497.449713072485,25,18-25,Bachelors,3,True
20,5863.025982060679,1390.3961480327982,41,36-45,HighSchoolOrCollege,3,True
21,2380.4719329287996,1772.3657159788468,35,26-35,Low,3,True
22,3393.760544017728,1950.7191540040474,25,18-25,HighSchoolOrCollege,3,True
23,5102.995791004836,1656.1438638977233,57,56-60,Low,3,True
24,7986.213034742317,1289.4065966952235,44,36-45,Bachelors,3,True
25,5745.675938149866,1303.665683269492,38,36-45,HighSchoolOrCollege,3,True
26,5386.840159534785,1531.2521143630213,28,26-35,HighSchoolOrCollege,3,True
27,6134.196428857645,1348.203096512048,45,36-45,HighSchoolOrCollege,3,True
28,13447.240098176513,1522.8026199401465,54,46-55,Bachelors,3,True
29,4496.523399310381,1263.9466768978682,18,18-25,Low,3,True
30,2306.8938884381764,2070.2555868915133,49,46-55,HighSchoolOrCollege,3,True
31,14686.219665268407,1332.3888021019832,40,36-45,Graduate,3,True
32,5971.563183200822,1195.96957151697,33,26-35,HighSchoolOrCollege,3,True
33,11928.766049052705,1195.1314784490626,21,18-25,Bachelors,3,True
34,4220.029987982905,2154.258790077356,23,18-25,Low,3,True
35,2013.0018553933176,1646.6030659971154,20,18-25,Low,3,True
36,14460.163630444142,1300.7178368212242,41,36-45,Graduate,3,True
37,5967.450414102224,1398.9503810091546,54,46-55,HighSchoolOrCollege,3,True
38,4958.3636771145,1376.676460215417,34,26-35,Low,3,True
39,3911.4579049038775,1655.256646211275,54,46-55,Bachelors,3,True
40,2217.501604211028,1651.9183143026528,55,46-55,Low,3,True
41,2025.3400722250128,1576.4845329207385,41,36-45,HighSchoolOrCollege,3,True
42,5756.9039813089,1265.100742445142,24,18-25,HighSchoolOrCollege,3,True
43,11619.040728916734,1465.0747949198674,48,46-55,Bachelors,3,True
44,2235.9861417758866,64.15975588734591,39,36-45,Low,3,True
45,14266.990566432769,1243.1130582992134,50,46-55,Graduate,3,True
46,5702.2514313493175,1442.7560398182861,47,46-55,HighSchoolOrCollege,3,True
47,5290.692776819489,1374.1319282198904,58,56-60,HighSchoolOrCollege,3,True
48,5149.634397153098,1553.5554122298238,42,36-45,HighSchoolOrCollege,3,True
49,14142.115456511774,1228.9546729699937,54,46-55,Graduate,3,True
50,5084.634237710092,1556.933673593609,45,36-45,HighSchoolOrCollege,3,True
51,13096.728798950342,1440.1167409034833,26,26-35,Graduate,3,True
52,2701.028031142834,1943.648764557652,39,36-45,HighSchoolOrCollege,3,True
53,4308.185001834218,1269.53721278126,19,18-25,Low,3,True
54,8254.721374387595,2431.870303139241,32,26-35,Graduate,3,True
55,2063.816029056729,1648.9889734133735,37,36-45,HighSchoolOrCollege,3,True
56,3536.6185318336443,1946.2661688768676,40,36-45,Graduate,3,True
57,11241.347955305986,1376.1415458259542,56,56-60,Graduate,3,True
58,13932.886497589372,1232.1081209344952,40,36-45,Graduate,3,True
59,11329.734432158266,1303.0258068206683,35,26-35,Bachelors,3,True
60,4956.138275570603,1601.5227053618296,46,46-55,HighSchoolOrCollege,3,True
61,4988.709797231049,1478.8925087842376,44,36-45,HighSchoolOrCollege,3,True
62,7624.163907132913,1361.6369448008315,57,56-60,Bachelors,3,True
63,4926.823817298325,1550.210219388654,36,36-45,HighSchoolOrCollege,3,True
64,4715.038120383799,1568.5475256098646,52,46-55,HighSchoolOrCollege,3,True
65,4654.227857480349,1433.9669467125373,23,18-25,HighSchoolOrCollege,3,True
66,6537.428419086323,2396.3026263309885,51,46-55,Bachelors,3,True
67,4644.38228318928,1336.739560588565,19,18-25,HighSchoolOrCollege,3,True
68,4512.75016453215,1429.5998312090592,42,36-45,HighSchoolOrCollege,3,True
69,4330.5058381173685,2032.6101955137478,24,18-25,Bachelors,3,True
70,2663.276600129306,1682.9365019689728,49,46-55,HighSchoolOrCollege,3,True
71,2665.737422431376,1803.3867001967615,59,56-60,Bachelors,3,True
72,10665.118427308991,1400.2372657762514,21,18-25,Bachelors,3,True
73,7120.037819522006,1524.3276253892536,32,26-35,Bachelors,3,True
74,1874.526428500508,1646.0002556589088,48,46-55,HighSchoolOrCollege,3,True
75,2903.845122514393,1893.8228825166689,59,56-60,HighSchoolOrCollege,2,False
76,4472.326891281818,1343.1799673611267,34,26-35,HighSchoolOrCollege,2,False
77,4450.214591130134,1496.5320536609042,20,18-25,HighSchoolOrCollege,2,False
78,13136.526072400164,1344.7733082500718,24,18-25,Graduate,2,False
79,5762.83877954688,1022.3657136396045,56,56-60,HighSchoolOrCollege,2,False
80,4407.837953995465,1328.0081028521506,59,56-60,HighSchoolOrCollege,2,False
81,5642.076596305153,2028.9400207061394,27,26-35,Graduate,2,False
82,6179.709662395474,2156.0387648604974,40,36-45,Graduate,2,False
83,5640.229687662298,955.5689941441948,53,46-55,HighSchoolOrCollege,2,False
84,4320.895838860507,1526.317042222771,33,26-35,HighSchoolOrCollege,2,False
85,4274.111775590291,1684.3656468521726,45,36-45,HighSchoolOrCollege,2,False
86,4205.428342797026,1384.9127810043128,31,26-35,HighSchoolOrCollege,2,False
87,2223.286431034756,1654.0129462650696,58,56-60,HighSchoolOrCollege,2,False
88,1901.8518995573256,1578.3182417719304,20,18-25,HighSchoolOrCollege,2,False
89,5551.129068922612,1253.6242793102797,54,46-55,HighSchoolOrCollege,2,False
90,5454.665866528914,1155.085540452586,20,18-25,HighSchoolOrCollege,2,False
91,1877.3156473203774,1524.68128355162,41,36-45,HighSchoolOrCollege,2,False
92,4121.530696943171,1409.0884210866773,43,36-45,HighSchoolOrCollege,2,False
93,3962.30712259214,1480.9944681831382,48,46-55,HighSchoolOrCollege,2,False
94,7041.8462208120745,1391.9347845580114,23,18-25,Bachelors,2,False
95,3767.3239751420842,1488.8639876347281,47,46-55,Low,2,False
96,3956.976206670048,1520.5212011146175,23,18-25,HighSchoolOrCollege,2,False
97,5649.347555085519,2061.176567031961,56,56-60,Graduate,2,False
98,3913.9349561058907,1417.0027006836738,55,46-55,HighSchoolOrCollege,2,False
99,6573.142257265092,1480.396377140952,31,26-35,Bachelors,2,False
100,3827.1900055642664,1337.735960922095,29,26-35,Low,2,False
101,5400.763263442292,908.8099489760042,38,36-45,HighSchoolOrCollege,2,False
102,10551.670938372576,1461.6983434610127,56,56-60,Bachelors,2,False
103,10110.137570638435,1191.1711620506662,18,18-25,Bachelors,2,False
104,2219.0564854439317,1503.1140460750316,47,46-55,HighSchoolOrCollege,2,False
105,2995.4469856864966,1832.056460053607,52,46-55,HighSchoolOrCollege,2,False
106,5301.53268794405,1799.8595536425485,34,26-35,Bachelors,2,False
107,3864.7371982250625,1362.935688702656,26,26-35,HighSchoolOrCollege,2,False
108,5370.643484504852,1140.14622290034,36,36-45,HighSchoolOrCollege,2,False
109,5378.794190961497,1628.2816004862332,52,46-55,HighSchoolOrCollege,2,False
110,5278.862586055024,1433.6818471508127,26,26-35,HighSchoolOrCollege,2,False
111,1858.127673896429,1528.556491493483,30,26-35,HighSchoolOrCollege,2,False
112,10509.222782561514,1489.7216451901627,23,18-25,Graduate,2,False
113,5956.969634063332,2000.9959843729723,51,46-55,Graduate,2,False
114,9247.005877223206,1341.1108338851552,55,46-55,Graduate,2,False
115,3869.5535029933753,1529.176655775303,56,56-60,HighSchoolOrCollege,2,False
116,12753.091843355893,1270.0806801408103,43,36-45,Graduate,2,False
117,5944.683272203351,2240.2405417044833,22,18-25,Bachelors,2,False
118,9978.77703222765,1378.8683385093307,33,26-35,Bachelors,2,False
119,9040.016464989276,1635.1104025085508,32,26-35,Graduate,2,False
120,3150.5317280863887,1828.7426356602905,31,26-35,HighSchoolOrCollege,2,False
121,3832.3771169638444,1548.7978650832258,45,36-45,HighSchoolOrCollege,2,False
122,5271.493620948546,1296.54602492911,37,36-45,HighSchoolOrCollege,2,False
123,5209.849797775387,1244.874715813222,43,36-45,HighSchoolOrCollege,2,False
124,12546.188712425466,1210.0255973894377,49,46-55,Graduate,2,False
125,11297.4912888279,1513.3515349047327,50,46-55,Graduate,2,False
126,2047.501118346052,1577.4023750905621,26,26-35,HighSchoolOrCollege,2,False
127,2763.9303496242574,55.75430065343735,60,56-60,HighSchoolOrCollege,2,False
128,4464.82171137538,1794.7211285547828,57,56-60,Bachelors,2,False
129,3713.727928989012,1788.4044892111347,27,26-35,HighSchoolOrCollege,2,False
130,3699.5304548905747,1639.8078527068642,48,46-55,HighSchoolOrCollege,2,False
131,3077.8804888311506,1866.042003389333,26,26-35,Bachelors,2,False
132,8491.952112043453,1523.072948517819,36,36-45,Graduate,2,False
133,3668.9022709972155,1481.7808011143354,27,26-35,HighSchoolOrCollege,2,False
134,5182.081566671239,1030.3352849490523,53,46-55,HighSchoolOrCollege,2,False
135,3454.2588292068385,1911.64517386027,59,56-60,HighSchoolOrCollege,2,False
136,8310.08711528089,1565.8669988400588,34,26-35,Graduate,2,False
137,2152.0681113290275,1357.923230326073,34,26-35,HighSchoolOrCollege,2,False
138,3637.3094995103247,1900.2879345215545,49,46-55,HighSchoolOrCollege,2,False
139,4133.441529123551,2132.5337834838106,48,46-55,Bachelors,2,False
140,9851.839035603714,1224.209804611899,24,18-25,Bachelors,2,False
141,3381.5504263178345,1782.4722367361396,24,18-25,Bachelors,2,False
142,2844.6523783293396,64.70061340526479,24,18-25,HighSchoolOrCollege,2,False
143,5135.2199706190495,1592.8178344483008,18,18-25,HighSchoolOrCollege,2,False
144,3574.928594189355,1630.5779706713245,23,18-25,HighSchoolOrCollege,2,False
145,2185.5484526721793,1650.638806389888,30,26-35,HighSchoolOrCollege,2,False
146,3583.5893931092914,1636.6984457093995,46,46-55,HighSchoolOrCollege,2,False
147,3502.8567134821265,1631.1169072558473,44,36-45,HighSchoolOrCollege,2,False
148,9686.939026837967,1231.2919656593965,37,36-45,Bachelors,2,False
149,1980.6614336693933,1705.5048345953614,26,26-35,Bachelors,2,False
150,9047.314118037239,1271.6688871508943,44,36-45,Bachelors,2,False
151,3699.156618812082,1374.036705271123,46,46-55,Low,2,False
152,3468.407254885461,1493.960954135318,41,36-45,HighSchoolOrCollege,2,False
153,2882.062854937027,1969.0821386856967,23,18-25,HighSchoolOrCollege,2,False
154,2595.0183924205967,58.59960249925247,29,26-35,HighSchoolOrCollege,2,False
155,11257.863228653285,1536.1277520076612,55,46-55,Graduate,2,False
156,3398.553607496232,1627.9621352054198,52,46-55,HighSchoolOrCollege,2,False
157,11165.57347735774,1083.9145972667159,25,18-25,Graduate,2,False
158,7462.928029525486,1579.7967193813524,25,18-25,Graduate,2,False
159,5114.917131464214,1104.4387204075176,39,36-45,HighSchoolOrCollege,2,False
160,8730.144100819576,1217.9873684318145,52,46-55,Bachelors,2,False
161,2678.7842608254273,41.04097438820384,47,46-55,HighSchoolOrCollege,2,False
162,2567.0845650446663,1730.9635337106797,36,36-45,HighSchoolOrCollege,2,False
163,5113.6066422834265,1433.9316204712875,26,26-35,HighSchoolOrCollege,2,False
164,4615.202372928843,2337.5406764735812,27,26-35,Graduate,2,False
165,6110.8007669990475,2005.669612797339,30,26-35,Graduate,2,False
166,3361.676748480385,1638.6182581810558,21,18-25,Low,2,False
167,3343.777671180018,2154.2194197936997,49,46-55,HighSchoolOrCollege,2,False
168,6438.187854445931,978.9873210488082,48,46-55,Graduate,1,False
169,3299.157321245012,1141.4573525185285,24,18-25,HighSchoolOrCollege,1,False
170,8613.305079346526,962.2317582010031,20,18-25,Bachelors,1,False
171,3566.3593755949473,876.3040947989596,58,56-60,Low,1,False
172,6095.6069530029135,1181.9597034183946,38,36-45,Graduate,1,False
173,5944.6877833531535,1346.194376639595,19,18-25,Graduate,1,False
174,1928.3439897015955,1344.4148843455616,43,36-45,Graduate,1,False
175,3273.0501178443087,1000.4894133788085,22,18-25,HighSchoolOrCollege,1,False
176,3444.314201225958,1507.0668885770747,24,18-25,Graduate,1,False
177,3226.160946690218,1107.1530605538458,23,18-25,HighSchoolOrCollege,1,False
178,4000.1357830006423,725.6864468090982,29,26-35,Bachelors,1,False
179,2281.3406519626533,1696.5528842037845,44,36-45,Bachelors,1,False
180,3328.262458805618,849.2294130376835,34,26-35,Low,1,False
181,1898.9177690666068,1266.5474072831346,22,18-25,HighSchoolOrCollege,1,False
182,2096.9724294572984,1258.3120685965548,26,26-35,HighSchoolOrCollege,1,False
183,10714.466929643884,724.9222485763765,41,36-45,Graduate,1,False
184,2320.5030903378415,1445.2718136314668,38,36-45,HighSchoolOrCollege,1,False
185,5099.219853229543,693.509172653709,31,26-35,HighSchoolOrCollege,1,False
186,4477.013138190859,921.4080206512729,38,36-45,Graduate,1,False
187,3265.3415891719023,713.3285844863261,44,36-45,Low,1,False
188,6519.520902337289,785.1564007653066,19,18-25,Bachelors,1,False
189,10009.953548159854,603.9907060868984,53,46-55,Graduate,1,False
190,6446.184122794648,1172.3987003516681,31,26-35,Bachelors,1,False
191,3206.5509068178726,985.7786183987325,48,46-55,HighSchoolOrCollege,1,False
192,5019.6858832944135,598.1456503352241,59,56-60,HighSchoolOrCollege,1,False
193,5834.16974000739,745.7055651836744,23,18-25,Bachelors,1,False
194,8604.205509365675,567.9860351029787,23,18-25,Bachelors,1,False
195,10175.668210223172,665.4574224593478,60,56-60,Graduate,1,False
196,2612.383154510413,1060.0603680245015,28,26-35,Low,1,False
197,2522.220138559068,1545.6514134732863,30,26-35,HighSchoolOrCollege,1,False
198,8309.431870411123,650.8061168960592,39,36-45,Bachelors,1,False
199,3212.837691598471,1132.4029961299182,31,26-35,HighSchoolOrCollege,1,False
200,9973.091658140382,643.2314920679502,51,46-55,Graduate,1,False
201,4903.672867031755,676.6395667719991,54,46-55,HighSchoolOrCollege,1,False
202,2741.2009757241435,1525.5326828677912,25,18-25,HighSchoolOrCollege,1,False
203,2340.3893817294174,1472.817874126585,24,18-25,HighSchoolOrCollege,1,False
204,3171.200696361176,689.4255256775374,33,26-35,Low,1,False
205,4892.193058240085,916.159570773831,37,36-45,HighSchoolOrCollege,1,False
206,3103.715162830436,1239.5396710579041,52,46-55,HighSchoolOrCollege,1,False
207,4583.635950339054,652.4093818964107,30,26-35,Bachelors,1,False
208,3072.9516272560404,1036.91881564742,56,56-60,HighSchoolOrCollege,1,False
209,4868.342655323374,597.8806721471952,24,18-25,HighSchoolOrCollege,1,False
210,1873.4455270919727,1424.4877903698364,18,18-25,Low,1,False
211,8311.024726930342,607.9563905105108,20,18-25,Bachelors,1,False
212,1926.3734351648689,1585.826348136054,60,56-60,HighSchoolOrCollege,1,False
213,3546.5520568878082,658.3186689849223,44,36-45,Bachelors,1,False
214,4740.423248873384,645.0440689260619,33,26-35,HighSchoolOrCollege,1,False
215,8103.775575282275,601.6334852890848,31,26-35,Bachelors,1,False
216,4735.435443550825,603.25672934596,38,36-45,HighSchoolOrCollege,1,False
217,2037.7623826565423,1431.7537836356232,57,56-60,HighSchoolOrCollege,1,False
218,1853.5397203786895,1588.8982387095725,38,36-45,HighSchoolOrCollege,1,False
219,2402.021230837186,736.0602620998129,57,56-60,HighSchoolOrCollege,1,False
220,5226.15074783337,1657.4726806439135,56,56-60,Graduate,1,False
221,2947.139125867912,1172.5655021587067,50,46-55,HighSchoolOrCollege,1,False
222,3049.7477536916026,1147.0105901035226,44,36-45,HighSchoolOrCollege,1,False
223,3076.569674143539,1435.5486645221115,43,36-45,Bachelors,1,False
224,3132.815869305484,586.1919466120144,41,36-45,Low,1,False
225,4708.604943748617,534.2294535540747,49,46-55,HighSchoolOrCollege,1,False
226,5007.504524633342,1267.1453017104354,43,36-45,Bachelors,1,False
227,3076.513243905064,1108.8702685808885,59,56-60,HighSchoolOrCollege,1,False
228,7982.248804440921,750.814683734174,53,46-55,Bachelors,1,False
229,5336.516113717235,784.1625914294965,41,36-45,Bachelors,1,False
230,7892.924434676999,792.0143091094876,52,46-55,Bachelors,1,False
231,1882.5360535341458,1486.136068220951,59,56-60,HighSchoolOrCollege,1,False
232,1882.8268918547853,1178.9387568942204,53,46-55,HighSchoolOrCollege,1,False
233,9778.205095387788,723.5001241883773,38,36-45,Graduate,1,False
234,5851.96568373647,1101.7954020117204,43,36-45,Graduate,1,False
235,4200.187595691637,803.8516250327026,29,26-35,Graduate,1,False
236,3085.5529139827054,747.5372784771482,44,36-45,Low,1,False
237,9670.36746716014,743.7908336378729,48,46-55,Graduate,1,False
238,2934.038304514229,726.0811301283188,21,18-25,Low,1,False
239,1855.074284185375,1699.352904661237,45,36-45,Low,1,False
240,5889.604494613884,1223.5343493060525,21,18-25,Graduate,1,False
241,4653.313363441726,698.1141209488992,30,26-35,HighSchoolOrCollege,1,False
242,9571.798208010905,1114.23596932963,26,26-35,Graduate,1,False
243,1865.517394098977,1198.844742057675,31,26-35,HighSchoolOrCollege,1,False
244,2682.2414704448342,1375.2139251670314,30,26-35,HighSchoolOrCollege,1,False
245,5838.224519647286,935.9953837431427,52,46-55,Graduate,1,False
246,1861.9670314560383,1471.1992867843187,30,26-35,HighSchoolOrCollege,1,False
247,1863.7336251647976,1553.3308038587681,33,26-35,Low,1,False
248,7875.35412303894,715.8782546360976,51,46-55,Bachelors,1,False
249,3649.4290478657626,1130.4482884962974,25,18-25,Graduate,1,False
250,3021.499737416478,1172.1391875372253,59,56-60,HighSchoolOrCollege,1,False
251,2974.7797316612864,1026.6243044532557,58,56-60,HighSchoolOrCollege,1,False
252,4592.898473785626,1411.2046535288,59,56-60,HighSchoolOrCollege,3,True
253,9405.827651719952,1488.8381318800057,43,36-45,Graduate,3,True
254,7670.642303565706,1363.4370710260773,23,18-25,Bachelors,3,True
255,1963.4585741863111,1735.2636309264612,59,56-60,HighSchoolOrCollege,3,True
256,2504.9369419938685,255.6519891877199,25,18-25,HighSchoolOrCollege,3,True
257,4506.989503381587,1674.7210370164814,24,18-25,HighSchoolOrCollege,3,True
258,2584.101134569591,1954.3380252389807,37,36-45,Bachelors,3,True
259,4624.862464873981,1064.055602375154,31,26-35,HighSchoolOrCollege,3,True
260,8437.475092397308,1516.1429019455165,52,46-55,Graduate,3,True
261,4389.286487367618,1611.3427570052484,29,26-35,HighSchoolOrCollege,3,True
262,2740.2235769000126,242.410385329777,52,46-55,HighSchoolOrCollege,3,True
263,4619.2208286024525,1314.5145316914065,31,26-35,HighSchoolOrCollege,3,True
264,4627.660987615354,1381.5112286750928,28,26-35,HighSchoolOrCollege,3,True
265,7696.574343454515,1036.2259542346462,44,36-45,Bachelors,3,True
266,5164.130251023776,2131.328160846066,32,26-35,Graduate,3,True
267,2641.8411508299964,257.00347255602344,59,56-60,HighSchoolOrCollege,3,True
268,4664.36099381604,1324.6135268185599,53,46-55,HighSchoolOrCollege,3,True
269,4406.344641689396,1582.0558599280416,56,56-60,HighSchoolOrCollege,3,True
270,4570.407583557341,1393.8824869632617,32,26-35,HighSchoolOrCollege,3,True
271,4284.796684767508,1531.0727019812152,57,56-60,HighSchoolOrCollege,3,True
272,3184.8738186586634,2251.2518619555576,47,46-55,HighSchoolOrCollege,3,True
273,2274.826206259165,1784.276488778981,46,46-55,HighSchoolOrCollege,3,True
274,2895.7797083826463,1775.9713320811763,44,36-45,HighSchoolOrCollege,3,True
275,4583.907339828596,1216.9345317166567,60,56-60,HighSchoolOrCollege,3,True
276,7462.236937785855,1493.5982442597144,50,46-55,Bachelors,3,True
277,2637.179650407229,1922.2396494260163,34,26-35,HighSchoolOrCollege,3,True
278,7190.757029075282,1214.8864578764637,56,56-60,Bachelors,3,True
279,2396.321816376486,234.12918700136683,23,18-25,HighSchoolOrCollege,3,True
280,7177.434874064031,1145.2297524375642,25,18-25,Bachelors,3,True
281,4111.595567083636,1513.8536541876342,27,26-35,HighSchoolOrCollege,3,True
282,4455.363392723948,1189.1329831171674,38,36-45,HighSchoolOrCollege,3,True
283,6126.092525651035,2316.3552385821527,60,56-60,Graduate,3,True
284,2034.8975326141078,1632.5906462867054,52,46-55,HighSchoolOrCollege,3,True
285,2692.3814881614617,250.4819030470089,45,36-45,HighSchoolOrCollege,3,True
286,4028.3102739297274,1590.3599304055142,20,18-25,HighSchoolOrCollege,3,True
287,3782.8092247831037,1778.1185719167017,51,46-55,HighSchoolOrCollege,3,True
288,2698.667773436176,256.75273156428784,34,26-35,HighSchoolOrCollege,3,True
289,6183.820716350367,2096.8389023433033,35,26-35,Graduate,3,True
290,9380.052425715123,1479.9629581972024,43,36-45,Graduate,3,True
291,2705.2143603003283,1535.5940843764713,37,36-45,Low,3,True
292,2949.0013637146253,1823.6942094490362,27,26-35,Bachelors,3,True
293,4420.684443512936,1451.1699006234646,31,26-35,HighSchoolOrCollege,3,True
294,2105.8939598803627,1755.33423558582,24,18-25,HighSchoolOrCollege,3,True
295,8022.4615425919565,1660.451784418639,41,36-45,Graduate,3,True
296,7724.511554232351,1631.7790200074248,39,36-45,Graduate,3,True
297,4364.40670316051,1051.8600342286938,53,46-55,HighSchoolOrCollege,3,True
298,2764.5101190278365,258.1463915022267,45,36-45,HighSchoolOrCollege,3,True
299,3759.5349980699634,1556.0972614874352,35,26-35,HighSchoolOrCollege,3,True
300,4322.867351446958,1424.7807609397123,58,56-60,HighSchoolOrCollege,3,True
301,2403.846261877667,234.32615469032092,46,46-55,Low,3,True
302,4356.609021317227,1302.983612243186,44,36-45,HighSchoolOrCollege,3,True
303,7450.433581941699,1701.4574311506742,34,26-35,Graduate,3,True
304,4330.690749802398,1246.5618983386316,50,46-55,HighSchoolOrCollege,3,True
305,3780.419241071935,2152.0817227089387,31,26-35,Bachelors,3,True
306,4296.711906765738,1328.6246886964498,49,46-55,HighSchoolOrCollege,3,True
307,2688.585683801718,2008.3616552729266,38,36-45,Graduate,3,True
308,4271.028954231558,1506.511782280126,30,26-35,HighSchoolOrCollege,3,True
309,4278.461380710925,1517.3840306093489,30,26-35,HighSchoolOrCollege,3,True
310,4162.5960885449695,1534.3449191822745,29,26-35,HighSchoolOrCollege,3,True
311,2278.5289311558877,1661.3966606826627,45,36-45,HighSchoolOrCollege,3,True
312,4142.742527786596,1146.2119494614126,42,36-45,HighSchoolOrCollege,3,True
313,2871.9093328097733,1111.218939055546,55,46-55,Low,3,True
314,3706.084194015323,1759.7796893916466,20,18-25,HighSchoolOrCollege,3,True
315,8261.257664585994,1389.521416513769,25,18-25,Graduate,3,True
316,4056.13466499347,1356.4327699696555,34,26-35,HighSchoolOrCollege,3,True
317,2722.3643548112236,1505.902215589584,52,46-55,Low,3,True
318,3646.8084422480506,1546.9001386314278,55,46-55,HighSchoolOrCollege,3,True
319,2659.7746500474464,1335.8375789982535,32,26-35,Low,3,True
320,6435.8008425470925,1563.1421832710917,53,46-55,Bachelors,3,True
321,5038.059640607231,2470.6665540350646,18,18-25,Graduate,3,True
322,3565.2220296824075,1647.3199629043133,59,56-60,HighSchoolOrCollege,3,True
323,6305.843304522781,2666.1894695631913,31,26-35,Graduate,3,True
324,4012.5003241248437,1327.417519027872,48,46-55,HighSchoolOrCollege,3,True
325,3574.672142876892,1469.0882090945222,19,18-25,HighSchoolOrCollege,3,True
326,6183.274983145615,1684.2630720639004,24,18-25,Bachelors,3,True
327,4057.630990127027,1091.8670999367082,55,46-55,HighSchoolOrCollege,2,False
328,2573.6486079200904,1299.9317949851952,51,46-55,Low,2,False
329,7176.960982156956,1047.1522635488134,53,46-55,Bachelors,2,False
330,3212.6781862222083,1671.0452519023675,25,18-25,Graduate,2,False
331,6804.052211215934,1409.0587865898344,18,18-25,Graduate,2,False
332,7068.012269020751,1292.4874792657984,23,18-25,Bachelors,2,False
333,6952.6354158903105,1131.7074571854198,37,36-45,Bachelors,2,False
334,6826.985919640478,1315.7736182116273,22,18-25,Bachelors,2,False
335,8126.784273053943,1377.9197072594711,47,46-55,Graduate,2,False
336,6300.209707573031,1595.430653585975,56,56-60,Graduate,2,False
337,8134.676994944409,1333.5624586062743,58,56-60,Graduate,2,False
338,2321.8568883601706,1755.8661504243312,52,46-55,HighSchoolOrCollege,2,False
339,6790.215968723099,1131.542276431296,29,26-35,Bachelors,2,False
340,7987.1629650717805,1360.8381286816643,33,26-35,Graduate,2,False
341,3923.9151340016056,1372.208811857589,34,26-35,HighSchoolOrCollege,2,False
342,3518.4634805615665,1512.8355177366172,43,36-45,HighSchoolOrCollege,2,False
343,6472.185589259973,1251.553943368996,42,36-45,Bachelors,2,False
344,3867.5455175867014,1271.018261774294,41,36-45,HighSchoolOrCollege,2,False
345,6083.003544552627,1574.6295058789756,36,36-45,Bachelors,2,False
346,2098.358446817687,42.95615975744686,55,46-55,Low,2,False
347,6502.53671476166,1322.0854647596175,30,26-35,Bachelors,2,False
348,3460.3566795203833,1577.7494874294741,43,36-45,HighSchoolOrCollege,2,False
349,3365.53298408615,1524.0661393837597,19,18-25,HighSchoolOrCollege,2,False
350,6138.232398752689,1549.8398479697305,38,36-45,Graduate,2,False
351,6150.1223440258755,1364.096966928524,59,56-60,Bachelors,2,False
352,2484.258775199845,74.54692768362843,29,26-35,HighSchoolOrCollege,2,False
353,2511.8039686412376,1501.8681880848112,34,26-35,Low,2,False
354,2643.503988182784,1245.7487829572012,60,56-60,Low,2,False
355,5593.141797174686,2090.261821798116,38,36-45,Graduate,2,False
356,2431.8732661508348,64.5100467892383,31,26-35,HighSchoolOrCollege,2,False
357,5996.829011368283,1569.1147185455823,40,36-45,Graduate,2,False
358,2481.5045210356643,2031.2097904023983,36,36-45,HighSchoolOrCollege,2,False
359,2454.1122265254094,1894.3827031450762,43,36-45,HighSchoolOrCollege,2,False
360,3429.3098909151418,1657.9199287262852,32,26-35,HighSchoolOrCollege,2,False
361,2622.3788001552225,1441.8968430546881,32,26-35,Low,2,False
362,3057.6935606752377,2003.7759510917545,28,26-35,HighSchoolOrCollege,2,False
363,5668.17928387193,1332.8656856059458,49,46-55,Graduate,2,False
364,3882.352313091646,1128.364761982403,19,18-25,HighSchoolOrCollege,2,False
365,2424.915907509884,1481.0232059028738,20,18-25,Low,2,False
366,3854.6559906026596,1235.157754494732,39,36-45,HighSchoolOrCollege,2,False
367,3849.369524793184,1394.7432443471766,29,26-35,HighSchoolOrCollege,2,False
368,7980.82039823907,1331.699835416766,20,18-25,Graduate,2,False
369,3815.53568052767,1287.1546225182954,54,46-55,HighSchoolOrCollege,2,False
370,5186.86639851554,2065.4127585456563,33,26-35,Bachelors,2,False
371,3286.6168363676243,1662.8002741137705,38,36-45,HighSchoolOrCollege,2,False
372,3649.9175744679096,2056.0732781561974,18,18-25,Bachelors,2,False
373,4417.888337651495,1970.8029422931775,38,36-45,Graduate,2,False
374,2526.110740831539,1795.4257150962433,57,56-60,HighSchoolOrCollege,2,False
375,3732.3689640720227,1373.4692637470268,34,26-35,HighSchoolOrCollege,2,False
376,3726.8608072035954,1492.6744846934625,19,18-25,HighSchoolOrCollege,2,False
377,7779.05301020888,1046.4371589368109,30,26-35,Graduate,2,False
378,2976.1201298269725,2092.348709689924,60,56-60,HighSchoolOrCollege,2,False
379,3744.2934786112914,1070.0439433100787,38,36-45,HighSchoolOrCollege,2,False
380,2444.9338388357387,74.92782953598994,38,36-45,HighSchoolOrCollege,2,False
381,3147.807632584665,1656.8762260751605,59,56-60,HighSchoolOrCollege,2,False
382,2343.2722319334202,46.528926436115455,43,36-45,HighSchoolOrCollege,2,False
383,2588.608981339855,42.58858560248102,23,18-25,HighSchoolOrCollege,2,False
384,2445.626613398052,55.13869683396932,39,36-45,HighSchoolOrCollege,2,False
385,3127.3132846535295,1608.4654548642295,19,18-25,HighSchoolOrCollege,2,False
386,5528.347364233922,1580.5004809145141,39,36-45,Graduate,2,False
387,3100.2823165286586,1524.980491058121,58,56-60,HighSchoolOrCollege,2,False
388,4371.13867254902,2195.7399577733067,48,46-55,Graduate,2,False
389,4982.406446896101,1526.0994838246647,52,46-55,Graduate,2,False
390,3275.026546533306,1958.9014213342753,31,26-35,Bachelors,2,False
391,2625.312386065779,1146.2207099234502,42,36-45,Low,2,False
392,2690.696394410521,75.64881618990313,43,36-45,HighSchoolOrCollege,2,False
393,2859.5679018143633,1876.1784511538208,26,26-35,HighSchoolOrCollege,2,False
394,3104.473249001073,1517.9171487486674,54,46-55,HighSchoolOrCollege,2,False
395,3848.325974305203,2091.8697089208217,54,46-55,Graduate,2,False
396,5611.821546760495,1568.507847247772,41,36-45,Bachelors,2,False
397,3136.25025999493,1541.376484378746,60,56-60,HighSchoolOrCollege,2,False
398,3898.394075133608,2111.956759995181,53,46-55,Bachelors,2,False
399,3685.632629744948,1471.3437510548238,33,26-35,HighSchoolOrCollege,2,False
400,3063.855033508538,1785.5192615252665,36,36-45,HighSchoolOrCollege,2,False
401,3690.085863326012,1361.5017525553187,47,46-55,HighSchoolOrCollege,2,False
402,2130.7262649770573,1707.8608723683394,24,18-25,HighSchoolOrCollege,2,False
403,3577.9071045239075,1904.1305033656024,44,36-45,Bachelors,2,False
404,2503.042500528597,1247.537165784124,58,56-60,Low,2,False
405,3079.6065929087704,1603.8085927372242,25,18-25,HighSchoolOrCollege,2,False
406,2476.094097127723,73.50740659133272,24,18-25,HighSchoolOrCollege,2,False
407,2626.1143686422583,53.073775550185346,20,18-25,HighSchoolOrCollege,2,False
408,2634.1920889275198,1957.2645522377031,33,26-35,Bachelors,2,False
409,4557.651665816242,1735.9172373830086,18,18-25,Graduate,2,False
410,3698.0570969980763,1405.0644497476596,42,36-45,HighSchoolOrCollege,2,False
411,3081.9315778074265,1638.0021879450758,21,18-25,HighSchoolOrCollege,2,False
412,2140.0517551201438,1729.8581556197862,58,56-60,HighSchoolOrCollege,2,False
413,7636.865241316507,1484.7856319234036,56,56-60,Graduate,2,False
414,3634.0911850032385,1479.35897356344,24,18-25,HighSchoolOrCollege,2,False
415,3664.3895938455335,1213.8829586315771,18,18-25,HighSchoolOrCollege,2,False
416,5618.41766020075,1552.7185594116957,30,26-35,Bachelors,2,False
417,2694.4473123520133,1822.374815799469,38,36-45,HighSchoolOrCollege,2,False
418,3017.2567322636146,1841.372365219664,44,36-45,HighSchoolOrCollege,2,False
419,2376.738985005859,1806.7509654105902,36,36-45,Low,2,False
420,3626.0312830954886,697.404435351579,55,46-55,HighSchoolOrCollege,1,False
421,5524.364421489676,1087.2961627394639,38,36-45,Bachelors,1,False
422,4203.903221609962,1154.8637235437388,27,26-35,Graduate,1,False
423,3604.0436095219975,691.2015712801035,53,46-55,HighSchoolOrCollege,1,False
424,1859.1339237931702,1549.1964057391087,49,46-55,HighSchoolOrCollege,1,False
425,3041.715319459763,1118.9998027100216,33,26-35,HighSchoolOrCollege,1,False
426,3907.9863330010576,1126.1853065003108,41,36-45,Graduate,1,False
427,4653.302486451683,1498.5529572260791,37,36-45,Bachelors,1,False
428,3589.0340739689073,685.5693431178851,44,36-45,HighSchoolOrCollege,1,False
429,7527.023224670796,915.2812508039126,53,46-55,Graduate,1,False
430,2416.146897399683,1675.0365279436799,49,46-55,HighSchoolOrCollege,1,False
431,2976.673653413432,1162.6103197434156,20,18-25,HighSchoolOrCollege,1,False
432,2337.4368288176174,1302.2829425074408,26,26-35,Bachelors,1,False
433,6231.419863433741,658.595226300856,32,26-35,Bachelors,1,False
434,5358.516397988508,1251.020431781383,25,18-25,Bachelors,1,False
435,1855.1957160902668,1694.3605357452964,27,26-35,Low,1,False
436,1864.7013439953387,1500.2865327928355,36,36-45,HighSchoolOrCollege,1,False
437,2940.5725372549196,1115.1820861786869,25,18-25,HighSchoolOrCollege,1,False
438,3795.4655301043626,1180.768887827061,43,36-45,Graduate,1,False
439,2596.495436957385,1867.0672364045074,35,26-35,HighSchoolOrCollege,1,False
440,3614.9006400706403,980.6902978023284,32,26-35,HighSchoolOrCollege,1,False
441,1866.2738596591332,1790.6758000121436,49,46-55,HighSchoolOrCollege,1,False
442,4955.827352845282,1199.5858421622422,27,26-35,Bachelors,1,False
443,1859.9717896212228,1649.804180784661,56,56-60,HighSchoolOrCollege,1,False
444,7530.429383890353,749.7712499981446,30,26-35,Graduate,1,False
445,4785.127546954566,1262.8203160978164,23,18-25,Bachelors,1,False
446,7363.007011492594,998.1047585312482,31,26-35,Graduate,1,False
447,3581.1383201470026,1463.074812529001,49,46-55,Graduate,1,False
448,3739.86960207548,1393.22977641465,28,26-35,Graduate,1,False
449,3561.552826794615,1234.0552100158106,41,36-45,Graduate,1,False
450,2852.214764448808,1148.9638711567377,35,26-35,HighSchoolOrCollege,1,False
451,3513.147617315279,844.6256261735974,19,18-25,HighSchoolOrCollege,1,False
452,2004.3677569227211,1411.5752260559977,18,18-25,HighSchoolOrCollege,1,False
453,1858.9825630222053,1315.8636527226636,35,26-35,HighSchoolOrCollege,1,False
454,5907.6337327254305,1012.5961528191361,43,36-45,Bachelors,1,False
455,3519.423058942224,1020.629014153256,49,46-55,HighSchoolOrCollege,1,False
456,2026.83564944434,1364.6858628465113,25,18-25,HighSchoolOrCollege,1,False
457,3502.0234095302812,771.1288512394933,57,56-60,HighSchoolOrCollege,1,False
458,3477.13934223619,1043.3304324891628,24,18-25,HighSchoolOrCollege,1,False
459,4780.732889695353,1295.9659049651732,18,18-25,Bachelors,1,False
460,2597.619723248542,1347.4214002001572,37,36-45,Bachelors,1,False
461,5876.54011722415,784.1914668268429,55,46-55,Bachelors,1,False
462,1852.8602210932609,1599.5242652087752,60,56-60,Low,1,False
463,3433.823894696429,1169.8971877208435,42,36-45,Graduate,1,False
464,3379.931158520349,1356.5950685002922,31,26-35,Graduate,1,False
465,3456.758808524054,854.1265144997363,29,26-35,HighSchoolOrCollege,1,False
466,3466.0656262737275,880.4654898968685,20,18-25,HighSchoolOrCollege,1,False
467,2847.3217923813913,1315.0629074517606,38,36-45,HighSchoolOrCollege,1,False
468,2807.237139105955,1163.152901055825,40,36-45,HighSchoolOrCollege,1,False
469,4790.52149769178,1158.4821873492817,26,26-35,Bachelors,1,False
470,2626.965984291111,666.4784223218878,18,18-25,HighSchoolOrCollege,1,False
471,7288.225526530529,617.3843033234032,36,36-45,Graduate,1,False
472,2471.7622466357234,1540.7487550547314,59,56-60,Graduate,1,False
473,4695.596849384686,1232.4693448086732,60,56-60,Bachelors,1,False
474,7207.127529456056,611.6786983601552,49,46-55,Graduate,1,False
475,6979.398106672245,1178.7068769134232,24,18-25,Graduate,1,False
476,3444.052890241652,1060.8397625303471,26,26-35,HighSchoolOrCollege,1,False
477,2767.1937095920466,1224.3373168019941,37,36-45,HighSchoolOrCollege,1,False
478,4684.518889863123,1203.2622749905527,58,56-60,Bachelors,1,False
479,1893.6111440730638,1584.6798963330918,58,56-60,HighSchoolOrCollege,1,False
480,3460.2663321329997,968.026367256856,39,36-45,HighSchoolOrCollege,1,False
481,2392.2506720096944,1327.7316328628729,44,36-45,Low,1,False
482,3436.515151407498,973.1549952024054,55,46-55,HighSchoolOrCollege,1,False
483,6844.072958748467,1004.8115033792343,36,36-45,Graduate,1,False
484,2710.244629768291,1487.8539327843898,42,36-45,Bachelors,1,False
485,2489.724863951436,990.5941963178354,28,26-35,Low,1,False
486,2413.883190000052,905.9412125533828,29,26-35,Low,1,False
487,4537.952803430051,1225.1036124811512,49,46-55,Bachelors,1,False
488,1935.7003245996143,1437.1773048294099,51,46-55,HighSchoolOrCollege,1,False
489,5883.591518410393,803.9723246734288,24,18-25,Bachelors,1,False
490,3472.249546312106,955.8107628688208,46,46-55,HighSchoolOrCollege,1,False
491,4435.744409324253,991.9938381358081,19,18-25,Bachelors,1,False
492,4368.552921067307,1096.5376489321793,58,56-60,Bachelors,1,False
493,4380.154957386062,1352.5209735312617,29,26-35,Bachelors,1,False
494,3463.4125498061635,801.5185017539281,40,36-45,HighSchoolOrCollege,1,False
495,2758.6490297438627,1405.2500404152977,47,46-55,HighSchoolOrCollege,1,False
496,3378.259600948753,775.3148908551045,49,46-55,HighSchoolOrCollege,1,False
497,2500.3417419539846,1674.1588819219396,28,26-35,HighSchoolOrCollege,1,False
498,2726.499640942183,1315.996517465496,49,46-55,HighSchoolOrCollege,1,False
499,6823.15314575587,1087.008370387602,28,26-35,Graduate,1,False
500,3384.0753425116086,1145.204349663709,53,46-55,HighSchoolOrCollege,1,False
501,2673.32039163403,1578.7258152435886,23,18-25,Bachelors,1,False
502,2765.6796779208544,1357.7445708908858,18,18-25,HighSchoolOrCollege,1,False
503,1896.9688740460983,1579.9944149618057,24,18-25,HighSchoolOrCollege,1,False
504,3355.335379362993,1441.6334871237568,35,26-35,HighSchoolOrCollege,3,True
505,3356.3630506579125,1813.5102075182042,45,36-45,HighSchoolOrCollege,3,True
506,6808.912486046239,1580.3445790825012,34,26-35,Graduate,3,True
507,2280.208480217361,1694.6705671410307,34,26-35,Low,3,True
508,2896.2219238072494,2003.0657089253866,31,26-35,HighSchoolOrCollege,3,True
509,2617.419751619969,144.4206508836779,58,56-60,HighSchoolOrCollege,3,True
510,2748.0350802959297,237.2450866743205,25,18-25,HighSchoolOrCollege,3,True
511,3340.879227196952,1473.5780167984258,27,26-35,HighSchoolOrCollege,3,True
512,2374.4467892062667,242.70317593615914,48,46-55,HighSchoolOrCollege,3,True
513,3342.1232915896917,1455.2057275534798,57,56-60,HighSchoolOrCollege,3,True
514,2671.8680487248853,148.13489637591053,41,36-45,HighSchoolOrCollege,3,True
515,3275.6153043137956,1541.9382598205414,32,26-35,HighSchoolOrCollege,3,True
516,3107.225179712119,1751.1521756854768,22,18-25,HighSchoolOrCollege,3,True
517,3111.4084094699206,1519.0837779914948,35,26-35,HighSchoolOrCollege,3,True
518,3095.348797436478,1544.6639284684197,44,36-45,HighSchoolOrCollege,3,True
519,2442.5694216813804,1952.5005608002948,18,18-25,HighSchoolOrCollege,3,True
520,5698.919951279826,1481.9803535057372,40,36-45,Bachelors,3,True
521,2990.5385555858966,1470.3050395753091,39,36-45,HighSchoolOrCollege,3,True
522,2284.8249356489673,1406.4005591789892,20,18-25,Low,3,True
523,2458.311993250565,123.18256680657619,31,26-35,HighSchoolOrCollege,3,True
524,5707.628145798397,1425.413077171716,33,26-35,Bachelors,3,True
525,3290.198700471971,1145.1996740821562,55,46-55,HighSchoolOrCollege,3,True
526,2396.747717468634,147.5412497068824,25,18-25,HighSchoolOrCollege,3,True
527,2908.4339142794206,1770.5423434147117,31,26-35,HighSchoolOrCollege,3,True
528,3262.3120861644175,1152.1444133468456,44,36-45,HighSchoolOrCollege,3,True
529,6398.528427694683,1565.971019687386,27,26-35,Graduate,3,True
530,2893.799368493806,1664.6423115340654,42,36-45,HighSchoolOrCollege,3,True
531,3258.6351756705812,1515.3315857097407,54,46-55,HighSchoolOrCollege,3,True
532,6571.912888788412,1532.1512640018495,51,46-55,Graduate,3,True
533,2880.7308113196127,1738.8092288673417,51,46-55,HighSchoolOrCollege,3,True
534,5665.557320299317,1627.014880663856,50,46-55,Bachelors,3,True
535,5562.156485109881,1675.6758140915776,46,46-55,Bachelors,3,True
536,3242.8534061407677,1391.7044025220737,46,46-55,HighSchoolOrCollege,3,True
537,2427.3836492708792,1971.5691549558733,42,36-45,HighSchoolOrCollege,3,True
538,5552.922519996782,1773.9717427949736,22,18-25,Bachelors,3,True
539,2499.7785242972163,135.95633115694142,47,46-55,Low,3,True
540,2429.46216132853,1818.409935903765,44,36-45,Bachelors,3,True
541,2745.1691778811223,112.6561397603842,49,46-55,HighSchoolOrCollege,3,True
542,5646.828028108719,1569.5753181645134,27,26-35,Bachelors,3,True
543,2883.201300532671,1798.068307983938,54,46-55,HighSchoolOrCollege,3,True
544,5489.916502923862,1598.018032800688,18,18-25,Bachelors,3,True
545,2877.421681251178,1769.9219534028466,18,18-25,HighSchoolOrCollege,3,True
546,5543.274194501604,1600.092749771292,60,56-60,Bachelors,3,True
547,5560.3833235747015,1480.4465714441428,20,18-25,Bachelors,3,True
548,5559.540644878045,1587.4552642053509,54,46-55,Bachelors,3,True
549,3254.85094637787,1531.9767777816367,40,36-45,HighSchoolOrCollege,3,True
550,2832.889172760038,1724.4801700896135,46,46-55,HighSchoolOrCollege,3,True
551,6346.964814999818,1863.3770651334223,58,56-60,Graduate,3,True
552,6428.955852871254,1232.970813674791,60,56-60,Graduate,3,True
553,2336.308225008351,114.09468227923662,28,26-35,Low,3,True
554,2817.806150037394,1618.6166287162725,29,26-35,HighSchoolOrCollege,3,True
555,2769.8808969378206,1740.9444340486443,23,18-25,HighSchoolOrCollege,3,True
556,2707.8695966390596,1903.473678079739,30,26-35,HighSchoolOrCollege,3,True
557,2734.4435730872797,1727.4689758706418,18,18-25,HighSchoolOrCollege,3,True
558,2466.103175400531,137.96128824805976,36,36-45,HighSchoolOrCollege,3,True
559,3438.705963199979,1848.1002088903172,60,56-60,Bachelors,3,True
560,3231.4896807412765,1495.7408247273431,46,46-55,HighSchoolOrCollege,3,True
561,3201.302838621859,1627.3680797234533,51,46-55,HighSchoolOrCollege,3,True
562,5478.204838257621,1413.6536372029361,49,46-55,Bachelors,3,True
563,5038.126038570989,2137.1059894351656,41,36-45,Bachelors,3,True
564,2594.5875056997797,1807.4042650505207,38,36-45,Bachelors,3,True
565,3188.8530072643716,2124.2196637144802,56,56-60,Bachelors,3,True
566,2757.4555547029177,1659.9984262820362,22,18-25,HighSchoolOrCollege,3,True
567,2568.2864761576225,132.19370517825948,50,46-55,Low,3,True
568,2498.984901744594,98.30996509290989,52,46-55,Low,3,True
569,2680.773097454463,1811.1800685519474,20,18-25,HighSchoolOrCollege,3,True
570,5394.614245087103,1903.4864581218606,49,46-55,Bachelors,3,True
571,2655.928408971858,1728.6071011044776,57,56-60,HighSchoolOrCollege,3,True
572,2552.5278562547555,144.43418929283337,23,18-25,HighSchoolOrCollege,3,True
573,2414.2632495059665,1831.1122502310454,49,46-55,Graduate,3,True
574,2400.8005823477724,138.77791696638823,57,56-60,HighSchoolOrCollege,3,True
575,2350.466244045429,82.48946014196014,38,36-45,HighSchoolOrCollege,3,True
576,3572.8309058140508,1811.4677181549446,23,18-25,Graduate,3,True
577,2413.664041584595,138.68432914581436,19,18-25,HighSchoolOrCollege,3,True
578,2350.9633777383183,1901.283531300083,21,18-25,Bachelors,3,True
579,3374.4594648127522,2060.262565622408,48,46-55,Bachelors,2,False
580,2426.370061080992,72.26577063149755,29,26-35,HighSchoolOrCollege,2,False
581,5996.897093574461,1787.081924300632,60,56-60,Graduate,2,False
582,2645.2590345903945,1683.3673633157935,50,46-55,HighSchoolOrCollege,2,False
583,5307.046571576675,1629.2246101758772,50,46-55,Graduate,2,False
584,5275.8724972435075,1275.4443830531704,36,36-45,Bachelors,2,False
585,5196.351034974391,1242.291559354015,34,26-35,Bachelors,2,False
586,3186.2932126019145,1095.9774990027618,41,36-45,HighSchoolOrCollege,2,False
587,2589.399296527357,1832.3815427915042,51,46-55,HighSchoolOrCollege,2,False
588,2555.6547233688298,1892.4782054026048,45,36-45,HighSchoolOrCollege,2,False
589,2781.8840524602897,62.95690204603306,23,18-25,HighSchoolOrCollege,2,False
590,2557.984592505629,1548.8448706808647,53,46-55,HighSchoolOrCollege,2,False
591,5160.420477347084,1248.5587970772565,54,46-55,Bachelors,2,False
592,6120.093717704068,1397.8971366294297,32,26-35,Graduate,2,False
593,2296.7648434087214,1721.8714996663225,43,36-45,HighSchoolOrCollege,2,False
594,6031.721371672117,1463.8526199451069,37,36-45,Graduate,2,False
595,2434.517613674991,79.40190158341844,27,26-35,Low,2,False
596,4681.850267615314,2057.9594989113943,19,18-25,Graduate,2,False
597,2560.5241338349283,1495.883670544285,30,26-35,HighSchoolOrCollege,2,False
598,3176.9607084259264,1503.707671682552,22,18-25,HighSchoolOrCollege,2,False
599,2685.517835986903,57.670926855867506,32,26-35,HighSchoolOrCollege,2,False
600,3700.4645319075003,1917.9155840263506,49,46-55,Bachelors,2,False
601,2489.1469270050875,1642.3258969700728,32,26-35,HighSchoolOrCollege,2,False
602,2819.2738831399406,58.002375642818,53,46-55,HighSchoolOrCollege,2,False
603,2777.2244145408363,69.38143625586409,59,56-60,HighSchoolOrCollege,2,False
604,2709.2104067726855,54.76537067815095,49,46-55,HighSchoolOrCollege,2,False
605,2559.806501413364,63.99351110483596,44,36-45,HighSchoolOrCollege,2,False
606,2484.560936395871,1516.530266694272,28,26-35,HighSchoolOrCollege,2,False
607,2394.670924550902,1646.5319076449457,53,46-55,HighSchoolOrCollege,2,False
608,2396.225586698197,1652.3438405301629,24,18-25,HighSchoolOrCollege,2,False
609,5137.158036367909,1519.046071520414,42,36-45,Bachelors,2,False
610,5322.363538500224,1540.8132189631397,58,56-60,Graduate,2,False
611,2209.2339769769746,52.55770191510702,18,18-25,HighSchoolOrCollege,2,False
612,4929.851489293971,1483.0329437245434,41,36-45,Bachelors,2,False
613,2372.9558394468136,1624.6305966810517,46,46-55,HighSchoolOrCollege,2,False
614,3110.523578904363,1599.2988987896194,45,36-45,HighSchoolOrCollege,2,False
615,2257.90486209794,57.81214069657288,36,36-45,Low,2,False
616,2370.7648613951856,1646.5368348611119,52,46-55,HighSchoolOrCollege,2,False
617,2284.020410856662,58.796219308235436,26,26-35,HighSchoolOrCollege,2,False
618,3092.0141303717846,1476.8147136108603,22,18-25,HighSchoolOrCollege,2,False
619,3076.819176098724,1493.5772079852834,31,26-35,HighSchoolOrCollege,2,False
620,2821.52049615339,1864.8810344549136,31,26-35,Bachelors,2,False
621,2796.555372645639,81.90453685502158,34,26-35,HighSchoolOrCollege,2,False
622,4732.177372720287,2189.269072691561,54,46-55,Bachelors,2,False
623,2383.517406913715,1563.0824737289754,56,56-60,HighSchoolOrCollege,2,False
624,4695.329499057227,2114.3991802742803,31,26-35,Bachelors,2,False
625,2400.2000261330095,1690.551573898848,35,26-35,HighSchoolOrCollege,2,False
626,4376.714351175722,1952.9759542458903,28,26-35,Bachelors,2,False
627,4967.697248782778,1335.2289001439503,60,56-60,Bachelors,2,False
628,2495.670725880778,60.28989183404269,38,36-45,HighSchoolOrCollege,2,False
629,2645.585825808351,51.524363435186245,59,56-60,HighSchoolOrCollege,2,False
630,4844.771127110025,1705.3650463486072,30,26-35,Bachelors,2,False
631,3061.2079218247936,1518.2282054741638,56,56-60,HighSchoolOrCollege,2,False
632,4867.187558483277,1512.287574419668,38,36-45,Bachelors,2,False
633,5887.10778628764,1640.9645755561062,32,26-35,Graduate,2,False
634,2490.2472014467203,62.82986439881106,52,46-55,HighSchoolOrCollege,2,False
635,5238.050331506251,1557.7260470742438,33,26-35,Graduate,2,False
636,3059.7623855759593,1490.909220242028,39,36-45,HighSchoolOrCollege,2,False
637,4869.654883998446,1686.4801585799792,23,18-25,Bachelors,2,False
638,2977.225123433774,1432.9247741463166,48,46-55,HighSchoolOrCollege,2,False
639,2863.0355740235877,62.163322022248686,19,18-25,HighSchoolOrCollege,2,False
640,3576.410646627302,1643.2420599446216,24,18-25,Bachelors,2,False
641,2554.872898047687,68.14599858219624,25,18-25,HighSchoolOrCollege,2,False
642,2970.8199834488128,1352.676775557123,37,36-45,HighSchoolOrCollege,2,False
643,2698.2168040458823,64.64198566249803,55,46-55,HighSchoolOrCollege,2,False
644,2922.1302229189296,1477.7272144883545,37,36-45,HighSchoolOrCollege,2,False
645,5813.919526052285,1466.8375163658957,33,26-35,Graduate,2,False
646,3896.6361182303463,1858.7586514853517,36,36-45,Graduate,2,False
647,2559.726000989872,73.116744023151,54,46-55,Low,2,False
648,4783.307661457246,1648.2630149464023,49,46-55,Bachelors,2,False
649,2966.3729465180377,1457.4230340888519,38,36-45,HighSchoolOrCollege,2,False
650,5159.635797850899,2342.3826524197384,31,26-35,Graduate,2,False
651,2956.0140744212736,1440.6136552879495,24,18-25,HighSchoolOrCollege,2,False
652,3317.0896050895444,1985.2556726446278,30,26-35,Bachelors,2,False
653,2352.0439322429047,31.998246972280434,40,36-45,HighSchoolOrCollege,2,False
654,3574.943322985428,2064.9464039662403,19,18-25,Bachelors,2,False
655,2883.6584523009483,46.87629718782848,30,26-35,HighSchoolOrCollege,2,False
656,4760.039919021517,1383.5397201695916,41,36-45,Bachelors,2,False
657,2688.1330442708413,63.23452013069329,46,46-55,HighSchoolOrCollege,2,False
658,2478.929289049177,53.091522693766066,38,36-45,HighSchoolOrCollege,2,False
659,4627.304252569384,2040.0420354494822,49,46-55,Graduate,2,False
660,4416.113204431445,1657.4760120312817,30,26-35,Bachelors,2,False
661,2921.071930412196,1371.0228709722746,22,18-25,HighSchoolOrCollege,2,False
662,5645.882480645615,1320.2965970155424,47,46-55,Graduate,2,False
663,2757.4775075846114,63.14403627918282,22,18-25,HighSchoolOrCollege,2,False
664,2887.8237504500007,1411.8920113429979,53,46-55,HighSchoolOrCollege,2,False
665,2879.2315409279913,1724.0600231991089,30,26-35,HighSchoolOrCollege,2,False
666,4724.925014813734,1503.0031723478508,32,26-35,Bachelors,2,False
667,2875.024238801313,1536.134356871186,19,18-25,HighSchoolOrCollege,2,False
668,2495.068102448431,64.55666988330894,44,36-45,HighSchoolOrCollege,2,False
669,2855.8131260569867,1373.8074373918316,28,26-35,HighSchoolOrCollege,2,False
670,2366.8498669748574,56.606804126889855,22,18-25,HighSchoolOrCollege,2,False
671,2834.740837683653,1486.7455068395518,51,46-55,HighSchoolOrCollege,2,False
672,4361.867015222173,1026.4738448843752,22,18-25,Bachelors,1,False
673,2188.319948206322,949.3994616665933,23,18-25,Low,1,False
674,2174.5411871100873,1216.788753482388,43,36-45,HighSchoolOrCollege,1,False
675,2104.0456434910284,1334.7278145743117,55,46-55,HighSchoolOrCollege,1,False
676,2829.7583856137912,772.971297636117,37,36-45,HighSchoolOrCollege,1,False
677,2821.5005930216107,1012.0430229510998,47,46-55,HighSchoolOrCollege,1,False
678,2395.3304510906614,1499.2875038619272,38,36-45,Bachelors,1,False
679,2263.48160730879,1387.8357553952324,54,46-55,Graduate,1,False
680,2168.2811376461377,1130.2279325963063,48,46-55,Low,1,False
681,2115.6965548061153,1356.7972704345384,51,46-55,HighSchoolOrCollege,1,False
682,2087.7055732678095,1247.0243351734746,32,26-35,HighSchoolOrCollege,1,False
683,5733.366322291822,1027.0143337437287,31,26-35,Graduate,1,False
684,4727.53361950398,1096.3741569152346,30,26-35,Graduate,1,False
685,4274.212356690445,1267.1190328824591,42,36-45,Bachelors,1,False
686,3038.799610027629,1384.0087392848407,21,18-25,Bachelors,1,False
687,1883.1790949826363,1419.4542823915092,48,46-55,HighSchoolOrCollege,1,False
688,2082.769481488982,1227.325044531555,50,46-55,HighSchoolOrCollege,1,False
689,4132.217113364946,1128.4505009538775,49,46-55,Bachelors,1,False
690,2101.035663471301,1165.7501906498776,50,46-55,Low,1,False
691,4570.757065059947,1286.9210041590293,36,36-45,Graduate,1,False
692,4532.543642611766,1196.8294823010476,54,46-55,Graduate,1,False
693,2056.433966309361,1136.591339408628,39,36-45,HighSchoolOrCollege,1,False
694,2026.34127836079,1166.1301752488246,55,46-55,HighSchoolOrCollege,1,False
695,4126.918517158768,1132.7605386165806,55,46-55,Bachelors,1,False
696,3995.569580126853,1268.3080589968788,44,36-45,Bachelors,1,False
697,1874.5113100913245,1554.5114873231535,26,26-35,HighSchoolOrCollege,1,False
698,4049.446429159243,844.2403299616981,24,18-25,Bachelors,1,False
699,2796.0230764754688,559.8838988690305,33,26-35,HighSchoolOrCollege,1,False
700,1974.992762590972,1284.6810841401646,28,26-35,HighSchoolOrCollege,1,False
701,2038.2181664869943,1252.318521368998,50,46-55,HighSchoolOrCollege,1,False
702,4638.114131522816,518.3811829581957,49,46-55,Bachelors,1,False
703,1970.283503127425,1287.8972192897106,49,46-55,HighSchoolOrCollege,1,False
704,1874.2543052414092,1548.8158670096047,44,36-45,HighSchoolOrCollege,1,False
705,1885.0607664975148,1480.691461974488,50,46-55,HighSchoolOrCollege,1,False
706,1956.4344772178322,1164.3959807670062,24,18-25,HighSchoolOrCollege,1,False
707,2810.8932534794135,550.8501831041817,57,56-60,HighSchoolOrCollege,1,False
708,1941.3845743275879,1174.3787428652686,23,18-25,HighSchoolOrCollege,1,False
709,2772.170990730183,1017.9703931846983,52,46-55,HighSchoolOrCollege,1,False
710,4596.80508287708,959.9648619936592,50,46-55,Bachelors,1,False
711,3946.1690358387127,634.6633550988012,27,26-35,Bachelors,1,False
712,2780.7660230702386,599.7941891961611,51,46-55,HighSchoolOrCollege,1,False
713,4591.118405462062,576.4195948527841,22,18-25,Bachelors,1,False
714,3941.57647341132,1620.449210881376,50,46-55,Graduate,1,False
715,4257.09348293372,1307.4632018783886,58,56-60,Graduate,1,False
716,4604.5609218309655,797.9246001392713,20,18-25,Bachelors,1,False
717,2746.160938984297,600.6322769841528,36,36-45,HighSchoolOrCollege,1,False
718,3161.104958821819,910.1472749361335,19,18-25,Graduate,1,False
719,1848.3770040594031,1452.0936470456825,47,46-55,Low,1,False
720,2096.874483068259,1720.7711194896867,56,56-60,Graduate,1,False
721,4525.508012735961,638.6539830309853,24,18-25,Bachelors,1,False
722,1922.8262557675685,1249.0854589581868,35,26-35,HighSchoolOrCollege,1,False
723,2745.432515575749,609.9835930213503,55,46-55,HighSchoolOrCollege,1,False
724,2137.370214986714,1048.0777403600348,50,46-55,Low,1,False
725,1927.5295875417557,1266.9394007907151,57,56-60,HighSchoolOrCollege,1,False
726,1928.767991600595,1200.8902774147912,20,18-25,HighSchoolOrCollege,1,False
727,3548.3416031087036,1356.6817585318147,58,56-60,Bachelors,1,False
728,2081.7646737363007,1119.9295721599374,38,36-45,Low,1,False
729,1878.9971327761707,1227.855876241928,19,18-25,HighSchoolOrCollege,1,False
730,1868.9081826974186,1486.3691635369312,48,46-55,HighSchoolOrCollege,1,False
731,3978.9808655775278,1324.8480889244804,44,36-45,Bachelors,1,False
732,5511.810225184332,1146.3097541462075,41,36-45,Graduate,1,False
733,2062.1817071311557,1049.9762589425557,50,46-55,Low,1,False
734,3675.55078898803,1142.8073314332635,38,36-45,Bachelors,1,False
735,2044.7915490390492,843.5369877095072,51,46-55,Low,1,False
736,2732.282830052432,1048.2804619809815,46,46-55,HighSchoolOrCollege,1,False
737,3298.368896738109,1467.4049292589598,43,36-45,Bachelors,1,False
738,2377.9298998094664,1425.9781253501596,23,18-25,Bachelors,1,False
739,1870.0896107143426,1160.388703124276,49,46-55,HighSchoolOrCollege,1,False
740,1881.9027903901854,1359.1887021972982,41,36-45,HighSchoolOrCollege,1,False
741,2744.708768526224,819.5187455087906,49,46-55,HighSchoolOrCollege,1,False
742,2707.200255635572,981.4565286604014,57,56-60,HighSchoolOrCollege,1,False
743,4534.022712470599,970.0133814800458,51,46-55,Bachelors,1,False
744,1865.9525538573575,1216.341434385995,57,56-60,HighSchoolOrCollege,1,False
745,2706.0676815856636,1030.216090171745,50,46-55,HighSchoolOrCollege,1,False
746,1867.9920443392193,1190.362150954714,19,18-25,HighSchoolOrCollege,1,False
747,2685.8127552647607,1213.3190861458263,36,36-45,HighSchoolOrCollege,1,False
748,3697.187777073401,842.8494354330103,26,26-35,Graduate,1,False
749,2723.7258983647707,591.6192162827737,58,56-60,HighSchoolOrCollege,1,False
750,4499.811543810524,609.4525406607421,30,26-35,Bachelors,1,False
751,3998.233111614774,1713.7075082046501,32,26-35,Graduate,1,False
752,4147.848284151102,813.6917261290088,47,46-55,Graduate,1,False
753,3643.613319296788,1090.372725892288,21,18-25,Bachelors,1,False
754,4452.766944977663,598.4812643391091,34,26-35,Bachelors,1,False
755,1866.051511320756,1322.7474332352754,58,56-60,HighSchoolOrCollege,1,False
756,2429.9837290492187,199.30954818356867,28,26-35,Low,3,True
757,2704.00609124869,129.72969538084587,58,56-60,HighSchoolOrCollege,3,True
758,2658.541083290918,1388.941888401346,56,56-60,HighSchoolOrCollege,3,True
759,2476.128392267534,1717.9072640012807,54,46-55,Graduate,3,True
760,2665.2981898105227,212.36914099410663,31,26-35,HighSchoolOrCollege,3,True
761,2329.2747446261255,143.1537862501158,29,26-35,Low,3,True
762,2566.049550405613,220.9045019448978,22,18-25,HighSchoolOrCollege,3,True
763,5339.500594711007,1605.0764556317586,27,26-35,Graduate,3,True
764,2616.1988829573984,1462.4766532666063,52,46-55,HighSchoolOrCollege,3,True
765,5173.704107031284,2501.8105625112703,29,26-35,Graduate,3,True
766,2599.072761810174,1728.5538646760936,38,36-45,HighSchoolOrCollege,3,True
767,2623.487860430432,1507.4488871264257,18,18-25,HighSchoolOrCollege,3,True
768,2532.353266755147,136.97843982136848,28,26-35,HighSchoolOrCollege,3,True
769,5561.697417337267,1477.9314559654197,28,26-35,Graduate,3,True
770,4264.439634223842,1911.0271981622986,32,26-35,Bachelors,3,True
771,2469.941859051029,191.22884229879182,51,46-55,Low,3,True
772,3345.8274783427255,1982.9010815833549,38,36-45,Graduate,3,True
773,2465.1590859756643,213.9788415487045,23,18-25,Low,3,True
774,2855.4506556587944,124.43904527576926,32,26-35,HighSchoolOrCollege,3,True
775,2545.6064661625155,1686.8448794974747,41,36-45,HighSchoolOrCollege,3,True
776,4391.606957690602,1774.8423888176455,34,26-35,Bachelors,3,True
777,2594.2667764052776,1685.8433452492293,48,46-55,HighSchoolOrCollege,3,True
778,2536.8583506260757,1789.1157946659596,18,18-25,HighSchoolOrCollege,3,True
779,2582.398833738982,1450.1720845898958,31,26-35,HighSchoolOrCollege,3,True
780,2345.752776311362,120.50867810966396,35,26-35,Low,3,True
781,2585.193375780902,1733.3509679902895,42,36-45,HighSchoolOrCollege,3,True
782,3541.6883153055987,1721.167061910704,30,26-35,Bachelors,3,True
783,2539.5547944088103,1604.0561086270766,47,46-55,HighSchoolOrCollege,3,True
784,2528.4300218493386,1679.0218749197963,54,46-55,HighSchoolOrCollege,3,True
785,2744.925261259735,147.23797121886975,55,46-55,HighSchoolOrCollege,3,True
786,2593.8676165403313,1150.119806956813,23,18-25,HighSchoolOrCollege,3,True
787,2578.4315535915625,1587.3086796540063,37,36-45,HighSchoolOrCollege,3,True
788,2531.0925883817845,1623.7659702413725,31,26-35,HighSchoolOrCollege,3,True
789,2525.9930593711315,137.8977824736824,35,26-35,HighSchoolOrCollege,3,True
790,2290.373642235771,127.09884632827466,55,46-55,Low,3,True
791,2430.8302761834398,141.67659104678174,36,36-45,HighSchoolOrCollege,3,True
792,2254.578420608821,183.25525756775966,47,46-55,Low,3,True
793,2774.5015443763973,136.31343471775435,40,36-45,HighSchoolOrCollege,3,True
794,2351.9402813457227,123.3310372094831,41,36-45,Low,3,True
795,2497.3371970574876,1765.3494809561498,50,46-55,HighSchoolOrCollege,3,True
796,2544.701565905441,1662.8151618224406,58,56-60,HighSchoolOrCollege,3,True
797,2504.6472521984642,1900.003069731091,30,26-35,HighSchoolOrCollege,3,True
798,3409.561446543524,1795.4172324434928,36,36-45,Bachelors,3,True
799,2725.9814014857957,142.54388830012357,49,46-55,HighSchoolOrCollege,3,True
800,5464.927950112283,1371.381598361514,50,46-55,Graduate,3,True
801,5311.74633710467,1602.6109104825366,43,36-45,Graduate,3,True
802,2321.699763531211,141.03003764478876,18,18-25,Low,3,True
803,2559.8487189090793,1538.6669363702588,43,36-45,HighSchoolOrCollege,3,True
804,2470.205774104712,1697.0495593626604,18,18-25,HighSchoolOrCollege,3,True
805,2568.249371782444,1715.745073454121,19,18-25,HighSchoolOrCollege,3,True
806,2241.910529065743,143.41238734923084,23,18-25,Low,3,True
807,2559.5275507855868,1322.036580320198,27,26-35,HighSchoolOrCollege,3,True
808,2894.002712101349,192.17104219624215,56,56-60,HighSchoolOrCollege,3,True
809,2494.597052561263,1622.8096715524177,43,36-45,HighSchoolOrCollege,3,True
810,2560.020815832213,1320.361375040371,46,46-55,HighSchoolOrCollege,3,True
811,5326.85688160002,1639.4193846635187,27,26-35,Graduate,3,True
812,2486.601039258334,1756.3439086666908,44,36-45,HighSchoolOrCollege,3,True
813,2443.4141522553045,1888.1960413271781,29,26-35,HighSchoolOrCollege,3,True
814,4292.516505053315,1732.4257961088408,54,46-55,Bachelors,3,True
815,2443.1116110630696,1806.3991567901899,38,36-45,HighSchoolOrCollege,3,True
816,2445.3636163562496,197.8612492988991,20,18-25,Low,3,True
817,2267.962784863302,196.65372951946526,35,26-35,Low,3,True
818,2583.872837849256,146.64944465049743,22,18-25,HighSchoolOrCollege,3,True
819,5232.322328889713,1598.927302733463,18,18-25,Graduate,3,True
820,4387.75250764243,1203.7306127281022,44,36-45,Bachelors,3,True
821,2552.9579198497463,1353.0245355949655,35,26-35,HighSchoolOrCollege,3,True
822,2508.7378312424767,1676.9497590006736,57,56-60,HighSchoolOrCollege,3,True
823,5199.866587959705,1410.2103426086514,22,18-25,Graduate,3,True
824,2331.1038033227856,206.34738945995747,40,36-45,Low,3,True
825,2454.54892224977,150.07470838766037,26,26-35,HighSchoolOrCollege,3,True
826,5102.705383840734,1696.28173296471,28,26-35,Graduate,3,True
827,2692.244264189668,151.17373765650495,38,36-45,HighSchoolOrCollege,3,True
828,2748.5115373562376,183.99810505283156,27,26-35,HighSchoolOrCollege,3,True
829,2544.4849326563476,1320.0853768671525,26,26-35,HighSchoolOrCollege,3,True
830,4296.801540958224,1389.0522309146074,57,56-60,Bachelors,3,True
831,2516.1527906781193,214.67729122112974,55,46-55,Low,3,True
832,2503.5555796217977,45.772782304215575,47,46-55,Low,2,False
833,2542.1468701526264,1312.2383650904599,22,18-25,HighSchoolOrCollege,2,False
834,2827.666098093686,67.49907039824157,24,18-25,HighSchoolOrCollege,2,False
835,3911.911747251002,1937.0343829620992,49,46-55,Bachelors,2,False
836,2498.9686117826795,1638.082358349743,53,46-55,HighSchoolOrCollege,2,False
837,2497.2467316003303,1547.230635282905,49,46-55,HighSchoolOrCollege,2,False
838,4292.232916527351,1585.523502240721,52,46-55,Bachelors,2,False
839,2252.71396181677,64.6035355629962,29,26-35,Low,2,False
840,4207.17096162152,1778.6359799544832,47,46-55,Bachelors,2,False
841,4936.809808532049,1816.802389498261,57,56-60,Graduate,2,False
842,2427.1205890228357,68.87827499994428,39,36-45,HighSchoolOrCollege,2,False
843,3235.6326753942462,1632.967430959387,59,56-60,Bachelors,2,False
844,4238.232654967759,1742.0350176929617,46,46-55,Bachelors,2,False
845,2482.1655021258525,1251.6024635846013,40,36-45,HighSchoolOrCollege,2,False
846,2409.84161808644,50.88811329195343,44,36-45,Low,2,False
847,2552.3846513584845,73.83427218560625,28,26-35,HighSchoolOrCollege,2,False
848,4967.003105181782,1703.6911736234222,34,26-35,Graduate,2,False
849,3482.60500846959,1822.4956510030167,30,26-35,Bachelors,2,False
850,4041.602440479885,1693.6320312936007,57,56-60,Bachelors,2,False
851,4276.427115158776,2307.2346397865244,19,18-25,Graduate,2,False
852,2473.912716578233,1625.3858779665209,50,46-55,HighSchoolOrCollege,2,False
853,2715.5815082774466,62.1282486888527,33,26-35,HighSchoolOrCollege,2,False
854,4236.780556341252,1595.9405928999297,28,26-35,Bachelors,2,False
855,2705.9676100974066,61.82143775565905,56,56-60,HighSchoolOrCollege,2,False
856,2647.710360479674,44.748526293939904,38,36-45,HighSchoolOrCollege,2,False
857,3243.2388200635523,1943.5709070250775,57,56-60,Bachelors,2,False
858,2349.095079793728,71.35932618227294,31,26-35,HighSchoolOrCollege,2,False
859,2826.8390114296944,47.49559014589541,60,56-60,HighSchoolOrCollege,2,False
860,2374.2302131515526,81.04426992874204,29,26-35,HighSchoolOrCollege,2,False
861,4057.3866597307674,1477.4973113288972,59,56-60,Bachelors,2,False
862,2425.610413579762,71.26209341647726,53,46-55,HighSchoolOrCollege,2,False
863,3905.6952105925466,2230.005056988715,59,56-60,Bachelors,2,False
864,2402.7363057754815,68.0953898573283,49,46-55,HighSchoolOrCollege,2,False
865,2462.8607075524706,1543.4667957914478,39,36-45,HighSchoolOrCollege,2,False
866,3535.3691059486837,2219.458735525447,42,36-45,Bachelors,2,False
867,2541.0352801361873,44.748526293939904,35,26-35,HighSchoolOrCollege,2,False
868,3913.628530358852,1550.0199941117785,51,46-55,HighSchoolOrCollege,2,False
869,5018.018614223967,1581.595405216985,53,46-55,Graduate,2,False
870,3352.846757607197,1939.9480570121693,32,26-35,Bachelors,2,False
871,5036.288449467156,1355.437785888988,48,46-55,Graduate,2,False
872,2391.4841522869865,46.35587117410451,37,36-45,HighSchoolOrCollege,2,False
873,4185.543435205715,1544.714051653266,58,56-60,Bachelors,2,False
874,3806.495287020758,2233.8815374308992,55,46-55,Graduate,2,False
875,2642.3974649030606,34.81835777015856,35,26-35,HighSchoolOrCollege,2,False
876,2495.1954617086226,50.028073576919,60,56-60,HighSchoolOrCollege,2,False
877,4055.993375041645,1677.717059320184,24,18-25,Bachelors,2,False
878,3949.3314348945682,1628.219180623729,40,36-45,Bachelors,2,False
879,3962.649736824887,1632.076920763148,53,46-55,Bachelors,2,False
880,3993.8604482429205,1493.2611192975187,49,46-55,Bachelors,2,False
881,3603.9096274112,1916.7904764118705,53,46-55,Bachelors,2,False
882,4895.714249041948,1434.2082236391332,44,36-45,Graduate,2,False
883,2740.73946702918,52.61613350442917,43,36-45,HighSchoolOrCollege,2,False
884,2581.4050599913835,67.41500354240154,51,46-55,Low,2,False
885,2625.9991831147854,50.028073576919,60,56-60,HighSchoolOrCollege,2,False
886,2598.3951499254968,69.35861584592628,28,26-35,HighSchoolOrCollege,2,False
887,2557.2681445440644,74.28617733598392,22,18-25,HighSchoolOrCollege,2,False
888,4913.556219183538,1739.2128959524293,31,26-35,Graduate,2,False
889,4083.869878676647,1222.4239482846097,19,18-25,Bachelors,2,False
890,4468.391320172616,2363.2945568412324,21,18-25,Graduate,2,False
891,4727.791018614529,1720.3335581620129,28,26-35,Graduate,2,False
892,2924.870326801187,37.37767054589128,46,46-55,HighSchoolOrCollege,2,False
893,4237.477851605697,1775.6180745811891,46,46-55,Graduate,2,False
894,3675.9262313049726,1745.0678972585044,44,36-45,Bachelors,2,False
895,3578.6287538173847,1669.3798351020814,40,36-45,Bachelors,2,False
896,2749.17594600683,52.142317714124495,28,26-35,HighSchoolOrCollege,2,False
897,2530.9966855733715,50.60725006105497,50,46-55,HighSchoolOrCollege,2,False
898,4030.951643302557,1648.660822171971,60,56-60,Graduate,2,False
899,3991.8327037702734,1690.91224885879,59,56-60,Graduate,2,False
900,2619.1855371276188,66.51841572255677,60,56-60,HighSchoolOrCollege,2,False
901,2434.076867503837,45.301860784569485,37,36-45,HighSchoolOrCollege,2,False
902,2533.489155987924,51.045210725076046,27,26-35,HighSchoolOrCollege,2,False
903,3972.7492073445455,1443.7687179397958,23,18-25,Bachelors,2,False
904,3980.085885002812,1462.9586754286247,59,56-60,Bachelors,2,False
905,3536.2499857306643,1695.308639198953,50,46-55,Bachelors,2,False
906,2558.522217156981,1855.0992549182577,22,18-25,Bachelors,2,False
907,2468.3745703670597,56.93704951886751,31,26-35,HighSchoolOrCollege,2,False
908,3549.6578960868796,1634.9861269162373,29,26-35,Bachelors,2,False
909,2774.963844379783,51.40272400217271,44,36-45,HighSchoolOrCollege,2,False
910,3450.820331971582,1765.0399513099435,41,36-45,Bachelors,2,False
911,2667.387888697492,42.214373369391055,50,46-55,HighSchoolOrCollege,2,False
912,3734.2141116616413,2249.5948540100444,28,26-35,Graduate,2,False
913,3953.634964057421,1343.9767318151635,55,46-55,Bachelors,2,False
914,4812.806125380505,1538.7763918176865,44,36-45,Graduate,2,False
915,2912.9756146270624,2022.466017376769,40,36-45,Bachelors,2,False
916,3596.4833675909153,1903.719514204291,38,36-45,Bachelors,2,False
917,3473.3601156448126,1785.2451119237396,32,26-35,Bachelors,2,False
918,4252.725460111041,1621.1080566963237,33,26-35,Graduate,2,False
919,2535.5810141008465,42.2791296709932,56,56-60,HighSchoolOrCollege,2,False
920,2655.015290268749,45.8997890609835,52,46-55,HighSchoolOrCollege,2,False
921,3274.9802538732856,1795.4784664824954,52,46-55,Bachelors,2,False
922,3971.539896223347,1408.4880263011971,55,46-55,Bachelors,2,False
923,2396.3862562591044,48.288553859505335,55,46-55,HighSchoolOrCollege,2,False
924,2844.4555550849695,48.420728696754395,31,26-35,HighSchoolOrCollege,2,False
925,2660.155605786209,53.1134956295753,42,36-45,HighSchoolOrCollege,2,False
926,2369.7173935058613,597.2362934573373,57,56-60,HighSchoolOrCollege,1,False
927,3930.1873250024055,596.1352272407507,58,56-60,Bachelors,1,False
928,3409.57783419169,1164.5986152572368,20,18-25,Bachelors,1,False
929,1882.4343491064353,1494.700287639206,43,36-45,HighSchoolOrCollege,1,False
930,2324.290293891679,589.7009298264676,41,36-45,HighSchoolOrCollege,1,False
931,2034.2322842574063,1563.8963575123928,30,26-35,HighSchoolOrCollege,1,False
932,2152.036556898679,1230.8715022889717,23,18-25,HighSchoolOrCollege,1,False
933,2336.207496671834,1103.5910164243053,53,46-55,HighSchoolOrCollege,1,False
934,4310.138243252681,1284.219516155194,42,36-45,Graduate,1,False
935,2108.361959218105,1337.9467296951218,42,36-45,HighSchoolOrCollege,1,False
936,3862.0959360861166,1105.3724438271054,33,26-35,Bachelors,1,False
937,3835.2118752286206,1068.2789292235855,44,36-45,Bachelors,1,False
938,1854.5684124750662,1409.4544219110219,60,56-60,HighSchoolOrCollege,1,False
939,1868.876470523178,1649.8471612389471,35,26-35,Low,1,False
940,2955.988696845849,1184.5350923403266,34,26-35,Bachelors,1,False
941,3239.721063336091,1498.8661472114993,50,46-55,Bachelors,1,False
942,2134.87539394658,1528.9451770041346,48,46-55,Bachelors,1,False
943,3340.2291673748205,1163.3814412045826,50,46-55,Bachelors,1,False
944,3073.8085222535387,1436.3868887932945,48,46-55,Graduate,1,False
945,2969.2876802808582,1582.4199748208541,21,18-25,Bachelors,1,False
946,2312.255088411385,846.5800229577048,60,56-60,HighSchoolOrCollege,1,False
947,2323.081063458555,1130.769756367003,41,36-45,HighSchoolOrCollege,1,False
948,2876.7476603661075,1590.1773310183419,26,26-35,Graduate,1,False
949,2116.333780700591,1189.2276414480345,19,18-25,HighSchoolOrCollege,1,False
950,3829.3055201921457,828.687696831768,27,26-35,Bachelors,1,False
951,2326.6617816495773,1724.6910810729398,25,18-25,Bachelors,1,False
952,2314.010289669708,1079.9892717674584,27,26-35,HighSchoolOrCollege,1,False
953,2444.3423609398023,1550.5857390613958,45,36-45,Graduate,1,False
954,3256.9010127919078,1280.06016552478,41,36-45,Bachelors,1,False
955,4223.198176455052,964.7886080951653,42,36-45,Graduate,1,False
956,4019.2037297033135,877.4228025537199,32,26-35,Graduate,1,False
957,2093.3053480889475,1200.0089505577887,31,26-35,HighSchoolOrCollege,1,False
958,3875.0562248263304,949.743719001678,33,26-35,Bachelors,1,False
959,2092.2226813894463,1273.8688188972963,58,56-60,HighSchoolOrCollege,1,False
960,1935.4410851091968,1495.851041123359,35,26-35,Low,1,False
961,4024.5520559245747,679.7265880246221,21,18-25,Graduate,1,False
962,1909.155879196061,1374.6601043978017,45,36-45,Bachelors,1,False
963,2327.828709605419,594.8715016846725,30,26-35,HighSchoolOrCollege,1,False
964,2033.7891937717843,1249.6123524197994,50,46-55,HighSchoolOrCollege,1,False
965,2308.5976966867256,593.272437446197,29,26-35,HighSchoolOrCollege,1,False
966,1869.9344265636005,579.2872119582512,46,46-55,Low,1,False
967,1875.8660154562635,1597.9782487563252,33,26-35,HighSchoolOrCollege,1,False
968,1890.5019952356035,1518.4482685769824,54,46-55,HighSchoolOrCollege,1,False
969,3770.2133763745305,995.6420032209506,45,36-45,Bachelors,1,False
970,2259.8108901824035,1128.5602547034207,53,46-55,HighSchoolOrCollege,1,False
971,2281.5686930820066,1137.802728043628,54,46-55,HighSchoolOrCollege,1,False
972,2024.8294269972362,1204.3527146183742,29,26-35,HighSchoolOrCollege,1,False
973,3751.5496249220814,1116.8455734414479,20,18-25,Bachelors,1,False
974,3037.4525160993912,1220.9137142996794,24,18-25,Bachelors,1,False
975,2256.260973315014,1080.0728698110504,47,46-55,HighSchoolOrCollege,1,False
976,3748.0190153743088,908.8157325623947,26,26-35,Bachelors,1,False
977,3038.341032507562,1111.9704583016005,52,46-55,Bachelors,1,False
978,2019.866324457418,1136.6546330565857,44,36-45,HighSchoolOrCollege,1,False
979,2026.6991718338465,1023.9966093205745,30,26-35,HighSchoolOrCollege,1,False
980,2050.9719663129013,1305.4311622042464,54,46-55,HighSchoolOrCollege,1,False
981,1953.3043797721775,1155.3993407553276,35,26-35,HighSchoolOrCollege,1,False
982,3677.1887794571303,1122.0141525103538,53,46-55,Bachelors,1,False
983,4030.1140331694874,864.0301921954647,44,36-45,Graduate,1,False
984,1854.8597619619504,1527.695289584885,35,26-35,Low,1,False
985,2283.8257002094315,1103.8877956024132,46,46-55,HighSchoolOrCollege,1,False
986,3563.0218452193435,1189.741814753426,57,56-60,Bachelors,1,False
987,3560.4851254162795,823.5543306384781,20,18-25,Bachelors,1,False
988,2275.3015759510004,1028.0500332309396,32,26-35,HighSchoolOrCollege,1,False
989,1888.3421160793437,1362.6752006811219,57,56-60,HighSchoolOrCollege,1,False
990,1866.0372308381343,1584.892343483387,37,36-45,HighSchoolOrCollege,1,False
991,1865.438313631856,1535.7437311250753,21,18-25,Low,1,False
992,3558.775333422592,1128.527519808245,48,46-55,Bachelors,1,False
993,2231.1481257007517,1680.3222734270385,31,26-35,Graduate,1,False
994,1893.7099436062447,1539.704850852574,42,36-45,HighSchoolOrCollege,1,False
995,1880.8970419821837,1262.9659322025361,60,56-60,HighSchoolOrCollege,1,False
996,1859.710637000842,1271.5180171930663,55,46-55,HighSchoolOrCollege,1,False
997,4048.547653880793,1137.8492130628522,48,46-55,Graduate,1,False
998,2957.661510476187,1190.0019772046796,53,46-55,Bachelors,1,False
999,3527.5885121136803,1198.2180102360917,48,46-55,Bachelors,1,False
1000,2363.608244296796,1568.7628218596908,56,56-60,Graduate,1,False
1001,3743.925425632822,761.9165943600705,49,46-55,Graduate,1,False
1002,2250.7211681414,1037.580143073075,51,46-55,HighSchoolOrCollege,1,False
1003,1880.1622871027096,1230.5346773445453,48,46-55,HighSchoolOrCollege,1,False
1004,2265.2917814298885,1019.5235441588503,41,36-45,HighSchoolOrCollege,1,False
1005,2761.199186092018,1235.5559984474314,47,46-55,Bachelors,1,False
1006,1877.3430302013273,1282.6194796981658,19,18-25,HighSchoolOrCollege,1,False
1007,1875.6000569097607,1650.4467579619616,40,36-45,HighSchoolOrCollege,1,False
1008,3767.0904384277496,966.0998533389732,23,18-25,Graduate,1,False
1009,1869.6847733841919,1484.8836892053298,39,36-45,Low,1,False
1010,2225.4045925704754,1288.7495610863414,52,46-55,HighSchoolOrCollege,1,False
